"","(Intercept)","Number_prev","Weight_prev","interact_norm","interact_log","log(Number_prev)","df","logLik","AICc","delta","weight"
"9",0,-0.11552986046515,0.914435754824843,NA,NA,NA,4,-1721.4472837684,3451.03016075714,0,0.728871814812513
"11",0,-0.11239473316913,0.918297378210552,-0.00657042836830836,NA,NA,5,-1721.42809390197,3453.06026943659,2.03010867945386,0.264130563551804
"6",0,NA,0.712560281705103,NA,0.191521717059732,-0.149766262558158,5,-1725.67154729271,3461.54717621807,10.5170154609309,0.00379236619090669
"5",0,NA,0.915507150997624,NA,NA,-0.118293193668466,4,-1726.87445331834,3461.88449985702,10.8543390998852,0.00320377028264946
"3",0,NA,1.00961584041637,-0.145487435529862,NA,NA,4,-1734.55156630836,3477.23872583705,26.2085650799158,1.48434057820449e-06
"2",0,NA,1.34352623884927,NA,-0.393056862119633,NA,4,-1742.05087852293,3492.23735026621,41.2071895090685,8.21530416159003e-10
"1",0,NA,0.94687393356152,NA,NA,NA,3,-1753.77640502197,3513.63389112501,62.6037303678772,1.855341393082e-14
