"","(Intercept)","log(Cohort_plus)","Weight_prev","log(Cohort_plus):Weight_prev","log(Cohort_prev)","log(Cohort_prev):Weight_prev","log(Number_prev)","log(Number_prev):Weight_prev","family","df","logLik","AICc","delta","weight"
"2",0,-0.261972291659302,0.720588526301679,NA,NA,NA,NA,NA,"Gamma(identity)",4,-1718.74988102575,3445.63535527184,0,0.687835291759596
"10",0,-0.27455789401542,0.724925221162164,0.0293802459569102,NA,NA,NA,NA,"Gamma(identity)",5,-1718.54494679568,3447.29397522402,1.65861995218256,0.300137118429987
"3",0,NA,0.754779365746159,NA,-0.229895312926931,NA,NA,NA,"Gamma(identity)",4,-1723.20194772668,3454.5394886737,8.90413340185705,0.00801634599797866
"19",0,NA,0.761769501092387,NA,-0.242919123241368,0.0330752336445146,NA,NA,"Gamma(identity)",5,-1722.97763439484,3456.15935042233,10.5239951504868,0.00356638269896171
"37",0,NA,0.872811206478067,NA,NA,NA,-0.149766262558157,0.0622468690421532,"Gamma(identity)",5,-1725.67154729271,3461.54717621807,15.911820946229,0.000241143987509175
"5",0,NA,0.915507150997624,NA,NA,NA,-0.118293193668466,NA,"Gamma(identity)",4,-1726.87445331834,3461.88449985702,16.2491445851829,0.000203717125965874
"1",0,NA,0.94687393356152,NA,NA,NA,NA,NA,"Gamma(identity)",3,-1753.77640502197,3513.63389112501,67.9985358531749,1.17975005365121e-15
