"","(Intercept)","Cohort_plus","Cohort_prev","Number_prev","Weight_prev","Cohort_plus:Weight_prev","Cohort_prev:Weight_prev","Number_prev:Weight_prev","df","logLik","AICc","delta","weight"
"5",186.758122721141,NA,NA,-2.84885897953253,0.931001703262153,NA,NA,NA,4,-1721.4472837684,3451.03016075714,0,0.614702096660558
"37",185.685997739572,NA,NA,-2.77154965436513,0.934933283945085,NA,NA,-0.000340559166848698,5,-1721.42809390197,3453.06026943659,2.03010867945386,0.222757428546188
"10",185.75830431207,0.0136281012385074,NA,NA,0.910059172657796,-0.0366297566094872,NA,NA,5,-1721.74347786135,3453.69103735536,2.66087659821824,0.162503486295535
"19",172.22060854462,NA,0.362799773264363,NA,0.930530112675689,NA,-0.0431066042827753,NA,5,-1730.14144267694,3470.48696698653,19.4568062293938,3.66161690091922e-05
"2",182.830822824043,-3.52259474907972,NA,NA,0.891708256932128,NA,NA,NA,4,-1735.78380959401,3479.70321240835,28.6730516512166,3.65082182995974e-07
"3",172.950436545681,NA,-4.21477777535574,NA,0.91008931324986,NA,NA,NA,4,-1739.70341192175,3487.54241706384,36.5122563067034,7.24651134590664e-09
"1",143.058711058939,NA,NA,NA,0.964027533119773,NA,NA,NA,3,-1753.77640502197,3513.63389112501,62.6037303678772,1.5647226592813e-14
