"","(Intercept)","log(Rec)","log(SSB)","log(Number)","family","df","logLik","AICc","delta","weight"
"7",0,-0.333072718942402,-0.50838893639271,NA,"Gamma(identity)",4,-230.814168744021,470.497902705432,0,0.471583858421398
"6",0,NA,-0.385540630984279,-0.421015188903198,"Gamma(identity)",4,-231.275179249391,471.419923716173,0.922021010740707,0.297402498591357
"2",0,NA,NA,-0.737871489443156,"Gamma(identity)",3,-233.179536503854,472.86971130558,2.3718086001474,0.144054635489395
"5",0,NA,-0.794349354314033,NA,"Gamma(identity)",3,-233.731289535595,473.973217369063,3.47531466363068,0.0829667237718767
"3",0,-0.684161524786625,NA,NA,"Gamma(identity)",3,-236.765365766491,480.041369830854,9.54346712542105,0.00399228352051764
"1",0,NA,NA,NA,"Gamma(identity)",2,-254.678085275915,513.60617055183,43.1082678463976,2.0545537448405e-10
