"","(Intercept)","Age","Number_prev","Age:Number_prev","log(Number_prev)","Age:log(Number_prev)","family","df","logLik","AICc","delta","weight"
"19",0,"+",-0.199600906777912,"+",NA,NA,"binomial(logit)",7,287.19029914306,-559.591865891755,0,0.985894892495326
"10",0,"+",NA,NA,-0.28879673370311,"+","binomial(logit)",7,282.93355572791,-551.078379061454,8.51348683030096,0.0139685215017942
"3",0,"+",-1.84454002473371,NA,NA,NA,"binomial(logit)",5,276.093331119976,-541.769995573286,17.8218703184692,0.000133002758520814
"2",0,"+",NA,NA,-1.72541737130744,NA,"binomial(logit)",5,272.479229886635,-534.541793106604,25.0500727851509,3.58324435854518e-06
"1",0,"+",NA,NA,NA,NA,"binomial(logit)",4,242.099037524453,-475.92221297994,83.6696529118148,6.6864613032219e-19
