"","(Intercept)","DF_N","Weight_prev","DF_N:Weight_prev","DF_n_plus","DF_n_plus:Weight_prev","DF_n","DF_n:Weight_prev","df","logLik","AICc","delta","weight"
"19",0,-0.149766262558158,0.911482396173199,0.0604203955814222,NA,NA,NA,NA,5,-1725.67154729271,3461.54717621807,0,0.535075933480257
"3",0,-0.118293193668467,0.915507150997624,NA,NA,NA,NA,NA,4,-1726.87445331834,3461.88449985702,0.337323638953876,0.452029231448112
"37",0,NA,0.915799598739536,NA,-0.158669284764359,0.0965326423521123,NA,NA,5,-1729.61207799772,3469.42823762808,7.88106141001617,0.010400750464119
"5",0,NA,0.919834596155203,NA,-0.105726674082932,NA,NA,NA,4,-1732.67493601178,3473.48546524391,11.9382890258375,0.00136788281727504
"10",0,NA,0.918084585422836,NA,NA,NA,-0.147508207637538,0.088795881200733,5,-1732.02585051641,3474.25578266547,12.7086064474056,0.000930629020685135
"2",0,NA,0.921482360257437,NA,NA,NA,-0.100228195146429,NA,4,-1734.62002292686,3477.37563907406,15.8284628559873,0.000195572766933646
"1",0,NA,0.94687393356152,NA,NA,NA,NA,NA,3,-1753.77640502197,3513.63389112501,52.0867149069459,2.61775492622137e-12
