"","(Intercept)","SSB","Rec","Number","family","df","logLik","AICc","delta","weight"
"5",0,-0.00692551092578967,NA,NA,"Gamma(log)",3,-232.186836979187,470.884312256246,0,0.540005931456694
"7",0,-0.00629044608055508,-0.000985630770696158,NA,"Gamma(log)",4,-231.716214645032,472.301994507455,1.41768225120956,0.265798631610138
"6",0,-0.00621393294965753,NA,-0.000832546412595543,"Gamma(log)",4,-232.032237908615,472.934041034622,2.04972877837594,0.193778496182391
"2",0,NA,NA,-0.00591234784085327,"Gamma(log)",3,-239.354685258767,485.220008815406,14.3356965591606,0.000416333708708552
"3",0,NA,-0.00448779590878158,NA,"Gamma(log)",3,-245.885799837381,498.282237972634,27.3979257163878,6.0675666144817e-07
"1",0,NA,NA,NA,"Gamma(log)",2,-254.678085275915,513.60617055183,42.7218582955842,2.85407165852837e-10
