"","(Intercept)","Number_prev","Weight_prev","Number_prev:Weight_prev","Cohort_plus","Cohort_plus:Weight_prev","Cohort_prev","Cohort_prev:Weight_prev","family","df","logLik","AICc","delta","weight"
"5",0,-0.11552986046515,0.914435754824843,NA,NA,NA,NA,NA,"Gamma(identity)",4,-1721.4472837684,3451.03016075714,0,0.614702096660558
"37",0,-0.11239473316913,0.918297378210551,-0.00657042836830765,NA,NA,NA,NA,"Gamma(identity)",5,-1721.42809390197,3453.06026943659,2.03010867945386,0.222757428546188
"10",0,NA,0.893865868954564,NA,0.000260007994414395,-0.0998253405473491,NA,NA,"Gamma(identity)",5,-1721.74347786135,3453.69103735536,2.66087659821824,0.162503486295535
"19",0,NA,0.913972555571403,NA,NA,NA,0.00467438904546622,-0.0823427768710405,"Gamma(identity)",5,-1730.14144267694,3470.48696698653,19.4568062293938,3.66161690091922e-05
"2",0,NA,0.875841483591433,NA,-0.0672069263218365,NA,NA,NA,"Gamma(identity)",4,-1735.78380959401,3479.70321240835,28.6730516512166,3.65082182995974e-07
"3",0,NA,0.893895473234511,NA,NA,NA,-0.0543040886848663,NA,"Gamma(identity)",4,-1739.70341192175,3487.54241706384,36.5122563067034,7.24651134590664e-09
"1",0,NA,0.94687393356152,NA,NA,NA,NA,NA,"Gamma(identity)",3,-1753.77640502197,3513.63389112501,62.6037303678772,1.5647226592813e-14
