"","(Intercept)","log(Number_prev)","Number_prev","df","logLik","AICc","delta","weight"
"2",0,-0.750954010322809,NA,3,-229.431087817033,465.383914764502,0,0.998997794009548
"3",0,NA,-0.545252042303653,3,-236.335641176922,479.193021484279,13.8091067197768,0.00100220163059633
"1",0,NA,NA,2,-249.814122014051,503.883563177038,38.4996484125365,4.35985553284542e-09
