"","Scenario","SPR0","SB0","R0","B0","h","SPRmsy","SBmsy","Rmsy","Bmsy","MSY","Fmsy2F","SBmsy2SB0"
"1","A",344.60485213824,3099.90285554633,8.99552875216857,6598.93545762584,0.616526334261975,132.148933265617,1188.74952875927,8.99552875216857,4480.86583745151,536.767200189551,1.39229396783967,0.383479606992316
"2","B",671.004205498092,6036.03762338411,8.99552875216857,9800.68674628934,0.803061016909027,132.147197649171,1188.73391597162,8.99552875216857,4456.14049470078,1111.54084578467,5.48288039022748,0.196939447720864
"3","C",682.250012773803,6137.19960607411,8.99552875216857,9787.93085271553,0.806307243083375,132.147284702493,1188.73469906228,8.99552875216857,4304.34727308056,1138.81974468885,6.10084106523379,0.193693341485222
"4","D",482.393298904832,3935.18182858857,8.99552875216857,6921.33497602485,0.697922149252585,132.146903403955,1188.73126908032,8.99552875216857,4233.24130711772,821.07454755794,2.86965788151477,0.302077850747415
